,eigenvalues,sign_of_eigenvalues,overlap
0,-0.3744803010745076,-1.0,0.2987353502348355
1,-0.0002952467164503811,-1.0,4.254185583614001e-05
2,3.391908624985123e-05,1.0,0.00015541267394438317
3,0.00015835800541694116,1.0,1.102783699134627e-05
4,0.374583270699291,1.0,0.7010556673983926
