{
    "haberman": {
        "safe": 0.04938271604938271,
        "borderline": 0.39012345679012345,
        "rare": 0.3432098765432099,
        "outlier": 0.21728395061728395
    },
    "hepatitis": {
        "safe": 0.13125,
        "borderline": 0.54375,
        "rare": 0.1375,
        "outlier": 0.1875
    },
    "iris": {
        "safe": 1.0,
        "borderline": 0.0,
        "rare": 0.0,
        "outlier": 0.0
    },
    "echocardiogram": {
        "safe": 0.5882352941176471,
        "borderline": 0.35294117647058826,
        "rare": 0.058823529411764705,
        "outlier": 0.0
    },
    "wine": {
        "safe": 0.9288135593220339,
        "borderline": 0.0711864406779661,
        "rare": 0.0,
        "outlier": 0.0
    },
    "parkinson": {
        "safe": 0.6208333333333333,
        "borderline": 0.24166666666666667,
        "rare": 0.0875,
        "outlier": 0.05
    },
    "appendictis": {
        "safe": 0.4857142857142857,
        "borderline": 0.18095238095238095,
        "rare": 0.08571428571428572,
        "outlier": 0.24761904761904763
    },
    "yeast": {
        "safe": 0.00784313725490196,
        "borderline": 0.3058823529411765,
        "rare": 0.3686274509803922,
        "outlier": 0.3176470588235294
    },
    "glass": {
        "safe": 0.4921052631578947,
        "borderline": 0.3131578947368421,
        "rare": 0.15,
        "outlier": 0.04473684210526316
    },
    "aids": {
        "safe": 0.24,
        "borderline": 0.76,
        "rare": 0.0,
        "outlier": 0.0
    },
    "transfusion": {
        "safe": 0.15617977528089888,
        "borderline": 0.4157303370786517,
        "rare": 0.21123595505617979,
        "outlier": 0.21685393258426966
    }
}